序号,层,主题,数据点,数值,单位,统计窗口,口径类型,数据性质,来源机构,报告/资料名,发布时间,可信度等级,URL,快照,缺口标记,备注
1,L1,总体,国庆假期全社会跨区域人员流动量(预计),21.3,亿人次,7天,官方跨区域(含自驾),预计,交通运输部,国庆假期出行预计(李扬副部长),2026-09-30,A,https://static.jingjiribao.cn/static/jjrbrss/rsshtml/20260930/686554.html,snapshots/交通运输部_1.html,预判待回填,交通运输部副部长李扬：国庆7天跨区域出行预计达21.3亿人次，日均3亿，是平时1.7倍；10月1日峰值或达3.4亿（近2倍）；公路出行占90%以上。
2,L1,总体,国庆假期国内出游人次(预测),8.0,亿人次,7天,测算,预计,推算(趋势外推),基于2025八天8.88亿及期内交通强度外推,2026-10-03,D,https://www.gov.cn/zhengce/content/202511/content_7047090.htm,snapshots/推算趋势外推_2.html,预判待回填,中心值约8.0亿（区间7.7-8.3亿）：2025八天合并国内出游8.88亿→日均1.11亿；2026七天且期内铁路日均强度同比+5~9%，按日均1.13-1.15亿外推。预测值，待10/8文旅部实测回填。
3,L1,总体,国庆假期国内出游总花费(预测),7350,亿元,7天,测算,预计,推算(趋势外推),基于2025八天8090亿及消费强度外推,2026-10-03,D,https://www.gov.cn/zhengce/content/202511/content_7047090.htm,snapshots/推算趋势外推_2.html,预判待回填,中心值约7350亿（区间7100-7600亿）：2025八天8090亿→日均1011亿；2026七天，人均消费与长线/免签带动小幅上行，按日均1050亿外推。预测值，待10/8回填。
4,L1,交通出行,国庆第1日全社会跨区域人员流动量,32949.5,万人次,国庆第1日(1天),官方跨区域(含自驾),实际,交通运输部,国庆假期第1日跨区域流动量,2026-10-02,A,https://news.cctv.com/2026/10/02/ARTIv6JEugtbdSbwQAJ8oshx261002.shtml,snapshots/交通运输部_3.html,空,10月1日全社会跨区域人员流动量32949.5万人次，环比+50.2%，比2025年同期(中秋国庆合并第1日)下降1.9%。
5,L1,交通出行,国庆第1日铁路客运量,2520.4,万人次,国庆第1日(1天),官方总量,实际,国铁集团,国庆第1日铁路发送旅客,2026-10-02,A,https://china.huanqiu.com/article/4TRjEgJ4Lre,snapshots/国铁集团_4.html,空,10月1日全国铁路发送旅客2520.4万人次，创单日旅客发送量历史新高，同比(较2025年10月1日)+9.0%，环比+29.0%。
6,L1,交通出行,国庆第1日民航客运量,251.5,万人次,国庆第1日(1天),官方总量,实际,交通运输部,国庆第1日民航运输旅客,2026-10-02,A,https://news.cctv.com/2026/10/02/ARTIv6JEugtbdSbwQAJ8oshx261002.shtml,snapshots/交通运输部_3.html,空,10月1日民航客运量251.5万人次，环比+2.6%，同比(较2025年10月1日)+0.5%。
7,L1,交通出行,国庆第1日公路人员流动量,30036,万人次,国庆第1日(1天),官方跨区域(含自驾),实际,交通运输部,国庆第1日公路人员流动量,2026-10-02,A,https://news.cctv.com/2026/10/02/ARTIv6JEugtbdSbwQAJ8oshx261002.shtml,snapshots/交通运输部_3.html,空,10月1日公路人员流动量30036万人次(含非营业性小客车)，环比+52.8%，同比-2.8%；其中公路营业性客运量4471万(+8.5%)，非营业性小客车25565万(-4.5%)。
8,L1,交通出行,国庆第1日水路客运量,141.6,万人次,国庆第1日(1天),官方总量,实际,交通运输部,国庆第1日水路客运量,2026-10-02,A,https://news.cctv.com/2026/10/02/ARTIv6JEugtbdSbwQAJ8oshx261002.shtml,snapshots/交通运输部_3.html,空,10月1日水路客运量141.6万人次，环比+72.3%，同比+7.2%。
9,L1,交通出行,国庆第2日全社会跨区域人员流动量,30819,万人次,国庆第2日(1天),官方跨区域(含自驾),实际,交通运输部,国庆假期第2日跨区域流动量(预计),2026-10-03,A,http://paper.ce.cn/pc/content/202610/03/content_339768.html,snapshots/交通运输部_5.html,空,10月2日预计全社会跨区域人员流动量30819万人次，环比-6.5%，比2025年同期+2.1%。
10,L1,交通出行,国庆第2日铁路客运量,2040,万人次,国庆第2日(1天),官方总量,实际,国铁集团,国庆第2日铁路发送旅客(预计),2026-10-03,A,http://paper.ce.cn/pc/content/202610/03/content_339768.html,snapshots/交通运输部_5.html,空,10月2日预计铁路客运量2040万人次，环比-19.1%，同比(较2025年10月2日)+5.8%。
11,L1,交通出行,国庆第2日民航客运量,241,万人次,国庆第2日(1天),官方总量,实际,交通运输部,国庆第2日民航运输旅客(预计),2026-10-03,A,http://paper.ce.cn/pc/content/202610/03/content_339768.html,snapshots/交通运输部_5.html,空,10月2日预计民航客运量241万人次，环比-4.2%，同比(较2025年10月2日)-2.4%。
12,L1,交通出行,国庆第2日公路人员流动量,28366,万人次,国庆第2日(1天),官方跨区域(含自驾),实际,交通运输部,国庆第2日公路人员流动量(预计),2026-10-03,A,http://paper.ce.cn/pc/content/202610/03/content_339768.html,snapshots/交通运输部_5.html,空,10月2日预计公路人员流动量28366万人次，环比-5.6%，同比+1.9%；其中营业性3900万(+5.6%)，非营业性小客车24466万(+1.3%)。
13,L1,交通出行,国庆第2日水路客运量,172,万人次,国庆第2日(1天),官方总量,实际,交通运输部,国庆第2日水路客运量(预计),2026-10-03,A,http://paper.ce.cn/pc/content/202610/03/content_339768.html,snapshots/交通运输部_5.html,空,10月2日预计水路客运量172万人次，环比+21.5%，同比+3.6%。
14,L1,交通出行,铁路中秋国庆假期运输日均开行列车,1.3,万列,16天(运输期),官方总量,实际,国铁集团,2026铁路中秋国庆假期运输方案,2026-09-13,A,https://big5.cctv.com/gate/big5/news.cctv.cn/2026/09/13/ARTIdIo6smvveMg8oBfVVljW260913.shtml,snapshots/国铁集团_6.html,空,铁路中秋国庆假期运输9月23日启动至10月8日结束，为期16天；全国铁路日均计划开行旅客列车约1.3万列，增开304对临时旅客列车，在京沪/京广/京哈等干线开行夜间高铁。
15,L1,交通出行,国庆中秋假期首日高速充电量,1748.58,万千瓦时,国庆第1日(1天),官方总量,实际,国家能源局,高速公路充电设施监测数据,2026-10-02,A,https://m.nbd.com.cn/web_app/column/375/?max_pos=4082032,snapshots/国家能源局_7.html,空,国庆中秋假期首日高速公路充电量1748.58万千瓦时，同比+41.95%，创历史新高(纳入平台监测的4.84万台高速充电设施)。
16,L1,交通出行,长三角区域高速公路日均车流量,1394,万辆次,7天,官方跨区域(含自驾),预计,交通运输部/区域路网,长三角国庆高速流量预计,2026-10-02,A,https://news.voc.com.cn/news/202610/33900109.html,snapshots/交通运输部区域路_8.html,预判待回填,长三角区域高速公路网预计车辆总体规模达9759万辆次，日均1394万辆次，同比+3.7%。
17,L1,交通出行,吴庄收费站单日车流量(峰值),15,万辆次,国庆第1日(1天),官方跨区域(含自驾),实际,交通运输部/央视新闻,全国车道最多收费站车流,2026-10-02,A,https://news.voc.com.cn/news/202610/33900109.html,snapshots/交通运输部区域路_8.html,空,地处皖苏交界的吴庄收费站(全国车道最多)10月1日车流量超15万辆次，为平常4倍多，平均每秒1辆通过。
18,L1,景区目的地,国庆假期日均出入境旅客(预测),215,万人次,7天,官方边检,预计,国家移民管理局,国庆假期口岸出入境预测,2026-09-22,A,https://www.toutiao.com/article/7688246048648856108/,snapshots/国家移民管理局_9.html,预判待回填,国家移民管理局预测：国庆节假期日均出入境旅客将达215万人次，单日最高通关量预计突破240万人次，高峰集中在10月1日、10月4日。
19,L1,景区目的地,国庆假期单日最高通关量(预测),240,万人次,7天,官方边检,预计,国家移民管理局,国庆假期单日峰值预测,2026-09-22,A,https://www.toutiao.com/article/7688246048648856108/,snapshots/国家移民管理局_9.html,预判待回填,出入境单日最高通关量预计突破240万人次。
20,L1,景区目的地,上半年入境外籍人员,2291.4,万人次,上半年,官方边检,实际,国家移民管理局,2026上半年出入境数据,2026-07-15,A,http://bgimg.ce.cn/xwzx/gnsz/gdxw/202609/t20260928_3239031.shtml,snapshots/国家移民管理局_10.html,空,2026年上半年入境外籍人员达2291.4万人次，同比+20.4%；其中免签入境外籍人员1781.5万人次，占比77.7%，同比+30.6%。
21,L1,景区目的地,上半年免签入境外籍人员,1781.5,万人次,上半年,官方边检,实际,国家移民管理局,2026上半年出入境数据,2026-07-15,A,http://bgimg.ce.cn/xwzx/gnsz/gdxw/202609/t20260928_3239031.shtml,snapshots/国家移民管理局_10.html,空,上半年免签入境外籍人员1781.5万人次，占比77.7%，同比+30.6%。
22,L1,消费宏观,240小时过境免签适用国家扩至,57,国,政策,官方总量,实际,国家移民管理局/外交部,免签政策扩容,2026-08-20,A,https://www.toutiao.com/article/7688246048648856108/,snapshots/国家移民管理局_9.html,空,自2026年8月20日起，240小时过境免签政策适用国家增至57国，海南30天入境免签适用国家增至61国；同期对吉尔吉斯斯坦、越南公民实施240小时过境免签与海南30天入境免签。
23,L1,平台渠道,国庆跨省游占比(预测),82,%,7天,平台自披露,预计,携程,2026中秋国庆双节出游预测报告,2026-09-30,C,https://static.jingjiribao.cn/static/jjrbrss/rsshtml/20260930/686554.html,snapshots/交通运输部_1.html,预判待回填,携程研究院预测国庆假期跨省游占比将跃升至82%，出行半径较中秋显著外扩；每10位游客中1位选择中秋国庆合并连休，近半数连休游客出游时长超8天。
24,L1,平台渠道,1200km以上国内长航线机票预订热度(预测),34,%,7天,平台自披露,预计,同程旅行,国庆长线游机票热度,2026-09-30,C,https://static.jingjiribao.cn/static/jjrbrss/rsshtml/20260930/686554.html,snapshots/交通运输部_1.html,预判待回填,同程旅行数据：1200公里以上国内长航线机票预订热度同比+34%；国内长线游热门目的地TOP10为乌鲁木齐、昆明、哈尔滨、伊宁、贵阳、西宁、成都、广州、海口、拉萨。
25,L1,平台渠道,预订两个及以上目的地机票用户(预测),70,%,7天,平台自披露,预计,美团,中秋国庆多目的地预订,2026-09-30,C,https://static.jingjiribao.cn/static/jjrbrss/rsshtml/20260930/686554.html,snapshots/交通运输部_1.html,预判待回填,美团数据：中秋国庆期间预订两个及以上目的地机票的用户同比+70%；通过飞机+高铁组合串联多座城市的用户同比+14%（跳城游）。
26,L1,平台渠道,预订两个及以上目的地机票旅客(预测),25,%,7天,平台自披露,预计,去哪儿,国庆多目的地预订,2026-09-30,C,https://static.jingjiribao.cn/static/jjrbrss/rsshtml/20260930/686554.html,snapshots/交通运输部_1.html,预判待回填,去哪儿数据：预订两个及以上目的地机票的旅客同比提升25%。
27,L1,平台渠道,落地租车订单(期内),268,%,国庆前两日,平台自披露,实际,租车平台/央视新闻,飞机高铁抵达后租车订单,2026-10-02,C,https://news.voc.com.cn/news/202610/33900109.html,snapshots/交通运输部区域路_8.html,空,交通运输部预计假期飞机高铁落地后租车出行量同比+超两成；平台租车订单同比+268%，其中3-7天中长期订单增长明显。
28,L1,游客画像,合并连休游客占比(预测),10,%,7天,平台自披露,预计,携程,双节出游预测,2026-09-30,C,https://static.jingjiribao.cn/static/jjrbrss/rsshtml/20260930/686554.html,snapshots/交通运输部_1.html,预判待回填,携程：每10位游客中约1位选择中秋国庆合并连休（请3天拼出13天长假），近半数连休游客出游时长超8天。
29,L1,消费宏观,国庆7座及以下小客车高速免费,7,天,7天,官方总量,实际,交通运输部/国务院,重大节假日免收小客车通行费方案,2026-09-13,A,https://big5.cctv.com/gate/big5/news.cctv.cn/2026/09/13/ARTIdIo6smvveMg8oBfVVljW260913.shtml,snapshots/国铁集团_6.html,空,10月1日0时至10月7日24时，七座及以下小客车高速免费通行，带动公路出行热度进一步上涨（中秋假期高速不免费）。
30,L1,消费宏观,国庆重点零售餐饮销售额增速(预测),,%,7天,官方重点监测,预计,商务部,国庆消费促进(待发布),2026-10-08,A,https://www.gov.cn/zhengce/content/202511/content_7047090.htm,snapshots/推算趋势外推_2.html,预判待回填,商务部重点零售餐饮企业销售额增速为历年国庆常规发布项；2026值待10/8假期结束次日发布，本期先行占位并回填。
31,L1,酒店住宿,全国酒店RevPAR同比(预测),3,%,7天,测算,预计,推算(趋势外推),基于长线游82%/跳城游热度与2025酒店强势外推,2026-10-03,D,https://www.gov.cn/zhengce/content/202511/content_7047090.htm,snapshots/推算趋势外推_2.html,预判待回填,中心值约+3%（区间+1%~+5%）：2025国庆酒店强势（华住入住率80%、飞猪间夜+78%），2026长线/跳城游延续利好。预测值，待10/8实测回填。
32,L1,酒店住宿,全国酒店入住率(预测),待10/8发布,%,7天,测算,预计,推算(趋势外推),2025国庆华住集团入住率80%为供给侧参考,2026-10-03,D,https://www.gov.cn/zhengce/content/202511/content_7047090.htm,snapshots/推算趋势外推_2.html,预判待回填,2025供给侧重度（华住80%、锦江高入住）可作基准；2026全国入住率待10/8文旅/协会发布回填。
33,L1,旅行社,国庆跟团/小团订单同比(预测),20,%,7天,平台自披露,预计,携程/同程(趋势外推),基于跨省游82%+长线游热度外推,2026-10-03,C,https://static.jingjiribao.cn/static/jjrbrss/rsshtml/20260930/686554.html,snapshots/交通运输部_1.html,预判待回填,中心值约+20%（区间+10%~+30%）：长线化+分段式游带动小团/定制需求；2025同程长线跟团游+200%为异常高基数。平台自披露非全市场，预测待10/8核验。
34,L1,景区目的地,重点监测景区接待同比(预测),8,%,7天,官方重点监测,预计,推算(趋势外推),基于客流强度外推,2026-10-03,D,https://www.gov.cn/zhengce/content/202511/content_7047090.htm,snapshots/推算趋势外推_2.html,预判待回填,中心值约+8%（区间+3%~+12%）：期内铁路日均强度+5~9%、长线游旺盛；重点景区接待待10/8文旅部发布回填。
35,L1,消费宏观,国庆档电影票房(预测),18,亿元,7天,测算,预计,推算(趋势外推),2025十一八天票房18.35亿为基准,2026-10-03,D,https://www.gov.cn/zhengce/content/202511/content_7047090.htm,snapshots/推算趋势外推_2.html,预判待回填,中心值约18亿（区间16~20亿）：2025八天18.35亿；2026七天且影片供给待观测，预测待国家电影局10/8回填。
36,L1,消费宏观,银联/网联国庆支付金额(预测),待10/8发布,万亿元,7天,官方总量,预计,中国人民银行/银联,2025八天13.26万亿为基准,2026-10-03,D,https://www.gov.cn/zhengce/content/202511/content_7047090.htm,snapshots/推算趋势外推_2.html,预判待回填,2025十一八天银联网联支付13.26万亿元；2026七天、消费强度持平略升，预计约11.5~12.5万亿。待10/8发布回填。
37,L1,消费宏观,国庆税务日均销售收入增速(预测),4.5,%,7天,官方总量,预计,国家税务总局,2025国庆相关行业日均+4.5%为基准,2026-10-03,D,https://www.gov.cn/zhengce/content/202511/content_7047090.htm,snapshots/推算趋势外推_2.html,预判待回填,中心值约+4.5%（区间+3%~+6%）：参考2025国庆相关行业日均销售收入+4.5%；待10/8税务发布回填。
38,L1,新消费,携程'夜游'搜索热度(预测),,%,7天,平台自披露,预计,携程,夜游/演艺搜索热度预测,2026-09-30,C,https://static.jingjiribao.cn/static/jjrbrss/rsshtml/20260930/686554.html,snapshots/交通运输部_1.html,预判待回填,2025国庆携程'夜游'搜索热度环比+200%；2026夜游/演艺热度预计延续高位（具体数值待平台/文旅发布回填）。平台自身口径非全市场。
39,L2,平台渠道,跳城游,,,,平台自披露/媒体,现象,美团/去哪儿,https://news.voc.com.cn/news/202610/33900109.html,2026-10-03,L2,https://news.voc.com.cn/news/202610/33900109.html,snapshots/交通运输部区域路_8.html,空,一趟行程游览多座城市的'跳城游'流行：美团多目的地机票用户+70%、飞机+高铁串联多城+14%，去哪儿多目的地+25%；旅客把假期拆成分段式旅途。
40,L2,景区目的地,长线游TOP10,,,,平台自披露/媒体,现象,同程旅行,https://static.jingjiribao.cn/static/jjrbrss/rsshtml/20260930/686554.html,2026-10-03,L2,https://static.jingjiribao.cn/static/jjrbrss/rsshtml/20260930/686554.html,snapshots/交通运输部_1.html,空,国内长线游热门目的地TOP10：乌鲁木齐、昆明、哈尔滨、伊宁、贵阳、西宁、成都、广州、海口、拉萨；长航线机票热度+34%。
41,L2,交通出行,新能源自驾,,,,平台自披露/媒体,现象,国家能源局,https://m.nbd.com.cn/web_app/column/375/?max_pos=4082032,2026-10-03,L2,https://m.nbd.com.cn/web_app/column/375/?max_pos=4082032,snapshots/国家能源局_7.html,空,国庆首日高速充电量1748.58万千瓦时，同比+41.95%创历史新高；新能源自驾成为长假出行新特征。
42,L2,景区目的地,中国游全球圈粉,,,,平台自披露/媒体,现象,经济日报/证券日报,http://bgimg.ce.cn/xwzx/gnsz/gdxw/202609/t20260928_3239031.shtml,2026-10-03,L2,http://bgimg.ce.cn/xwzx/gnsz/gdxw/202609/t20260928_3239031.shtml,snapshots/国家移民管理局_10.html,空,入境游从打卡观光转向沉浸式全域漫游：县域游、汉服旅拍、非遗制瓷（景德镇2025入境+39.63%/花费+44.59%）；上半年入境游强劲。
43,L2,交通出行,夜间高铁,,,,平台自披露/媒体,现象,国铁集团,https://big5.cctv.com/gate/big5/news.cctv.cn/2026/09/13/ARTIdIo6smvveMg8oBfVVljW260913.shtml,2026-10-03,L2,https://big5.cctv.com/gate/big5/news.cctv.cn/2026/09/13/ARTIdIo6smvveMg8oBfVVljW260913.shtml,snapshots/国铁集团_6.html,空,国铁在10月1日、6-8日凌晨于京沪/京广/京哈等干线开行夜间高铁，成都/上海/广州高铁站启动通宵运营；上海虹桥运力+约30%。
44,L2,景区目的地,高铁票即优惠券,,,,平台自披露/媒体,现象,国铁武汉局,https://china.huanqiu.com/article/4TRjEgJ4Lre,2026-10-03,L2,https://china.huanqiu.com/article/4TRjEgJ4Lre,snapshots/国铁集团_4.html,空,国铁武汉局联合宜昌/兴山推出'高铁票就是优惠券'：凭乘车凭证+身份证享景区/酒店/民宿专属优惠，宜兴高铁开通为契机。
45,L2,交通出行,特色旅游专列,,,,平台自披露/媒体,现象,国铁集团,https://big5.cctv.com/gate/big5/news.cctv.cn/2026/09/13/ARTIdIo6smvveMg8oBfVVljW260913.shtml,2026-10-03,L2,https://big5.cctv.com/gate/big5/news.cctv.cn/2026/09/13/ARTIdIo6smvveMg8oBfVVljW260913.shtml,snapshots/国铁集团_6.html,空,'星光·燕赵号''熊猫专列'等特色旅游专列与'齐鲁1号·文物研学列车''中国雪都·我的阿勒泰'等旅游专线假期继续开行；定制化'歌迷专列''球迷专列'打造消费新场景。
46,L2,新消费,县域漫游,,,,平台自披露/媒体,现象,经济日报/证券日报,http://bgimg.ce.cn/xwzx/gnsz/gdxw/202609/t20260928_3239031.shtml,2026-10-03,L2,http://bgimg.ce.cn/xwzx/gnsz/gdxw/202609/t20260928_3239031.shtml,snapshots/国家移民管理局_10.html,空,外国游客扎进城市街巷、奔赴景德镇/凤凰古城等小城旅居漫游，体验非遗技艺；县域旅游受海内外游客青睐。
47,L2,总体,中秋独立3天,,,,平台自披露/媒体,现象,国务院办公厅,https://www.gov.cn/zhengce/content/202511/content_7047090.htm,2026-10-03,L2,https://www.gov.cn/zhengce/content/202511/content_7047090.htm,snapshots/推算趋势外推_2.html,空,2026中秋（9/25-27，3天）与国庆（10/1-7，7天）拆分，不再合并；中秋高速不免费、国庆高速免费。本年中秋与国庆按独立口径分别统计。
48,L2,景区目的地,免签扩容,,,,平台自披露/媒体,现象,国家移民管理局,https://www.toutiao.com/article/7688246048648856108/,2026-10-03,L2,https://www.toutiao.com/article/7688246048648856108/,snapshots/国家移民管理局_9.html,空,自2026/8/20起240小时过境免签适用国增至57国、海南30天入境免签增至61国；对吉尔吉斯斯坦/越南实施240小时过境免签+海南30天入境免签。
49,L2,消费宏观,港股国庆开门红,,,,平台自披露/媒体,现象,富途/时代财经,https://ishare.ifeng.com/c/s/v0029itkPKllfSPCMxi--rMy3cZCYqc20htOFUem1HvPNGkc__,2026-10-03,L2,https://ishare.ifeng.com/c/s/v0029itkPKllfSPCMxi--rMy3cZCYqc20htOFUem1HvPNGkc__,snapshots/富途时代财经_11.html,空,国庆假期首个交易日（10/2）港股'开门红'：恒指突破27000点创年内新高，收涨1.61%；恒生科技+3.36%；半导体/科网领涨（中芯国际+12.7%）。
50,L2,游客画像,请3休13拼假,,,,平台自披露/媒体,现象,经济日报,https://static.jingjiribao.cn/static/jjrbrss/rsshtml/20260930/686554.html,2026-10-03,L2,https://static.jingjiribao.cn/static/jjrbrss/rsshtml/20260930/686554.html,snapshots/交通运输部_1.html,空,中秋与国庆间隔3个工作日，'请3天拼出13天豪华长假'成最火方案，催生全年最长出游窗口；双节串场游升温（中秋回家、国庆远游）。
